trial,testing,parameters,initial_deadline,final_deadline,net_reward,actions,success
1,False,"{'a': 0.2, 'e': 1.0}",20,15,8.577911251778305,"{0: 5, 1: 0, 2: 0, 3: 0, 4: 0}",1
2,False,"{'a': 0.2, 'e': 0.25}",30,16,29.228066502448833,"{0: 14, 1: 0, 2: 0, 3: 0, 4: 0}",1
3,False,"{'a': 0.2, 'e': 0.1111111111111111}",20,8,5.655453729201435,"{0: 10, 1: 2, 2: 0, 3: 0, 4: 0}",1
4,False,"{'a': 0.2, 'e': 0.0625}",20,16,8.735263317464208,"{0: 4, 1: 0, 2: 0, 3: 0, 4: 0}",1
5,False,"{'a': 0.2, 'e': 0.04}",25,13,25.60008258103843,"{0: 12, 1: 0, 2: 0, 3: 0, 4: 0}",1
6,False,"{'a': 0.2, 'e': 0.027777777777777776}",30,17,26.510873008366044,"{0: 13, 1: 0, 2: 0, 3: 0, 4: 0}",1
