trial,testing,parameters,initial_deadline,final_deadline,net_reward,actions,success
1,False,"{'a': 0.5, 'e': 1.0}",20,0,-74.25750631087185,"{0: 12, 1: 2, 2: 4, 3: 2, 4: 0}",0
2,False,"{'a': 0.5, 'e': 1.0}",20,16,7.1373807749035745,"{0: 4, 1: 0, 2: 0, 3: 0, 4: 0}",1
3,False,"{'a': 0.5, 'e': 1.0}",20,0,-140.1687027839437,"{0: 12, 1: 2, 2: 2, 3: 2, 4: 2}",0
4,False,"{'a': 0.5, 'e': 1.0}",25,5,-30.302499576175215,"{0: 14, 1: 1, 2: 5, 3: 0, 4: 0}",1
5,False,"{'a': 0.5, 'e': 1.0}",30,0,-135.1270803576055,"{0: 22, 1: 1, 2: 4, 3: 0, 4: 3}",0
6,False,"{'a': 0.5, 'e': 1.0}",20,8,-62.51012184250607,"{0: 8, 1: 1, 2: 1, 3: 1, 4: 1}",1
7,False,"{'a': 0.5, 'e': 1.0}",20,0,-141.989566973112,"{0: 13, 1: 0, 2: 4, 3: 0, 4: 3}",0
8,False,"{'a': 0.5, 'e': 1.0}",30,0,-127.78858256359743,"{0: 19, 1: 1, 2: 8, 3: 1, 4: 1}",0
